{
  "node color": [ 0.7, 0.7, 0.7, 0.5 ],
  "node color click": [ 0.7, 0.7, 0.7, 0.7 ],
  "node title": {
    "text": "DemoAss4"
  },
  "input point": [
    {
      "point color": [ 1.0, 0.2, 0.0, 1.0 ],
      "point text": {
        "text": "input"
      },
      "point param": 1
    },
    {
      "point number": 2,
      "point color": [ 1.0, 0.2, 0.0, 1.0 ],
      "point text": {
        "text": "input"
      },
      "point param": 1
    }
  ],
  "output point": [
    {
      "point number": 1,
      "point color": [ 1.0, 0.2, 0.0, 1.0 ],
      "point text": {
        "text": "output"
      },
      "point param": 1
    }
  ],
  "node type": 1
}