{
  "node color": [ 0.0, 0.7, 1.0, 0.5 ],
  "node color click": [ 0.0, 0.7, 1.0, 0.7 ],
  "node title": "DemoAss2",
  "node image": "",
  "node image dwsz": [ 160, 160 ],
  "input point": [
    {
      "point color": [ 0.0, 1.0, 0.5, 1.0 ],
      "point text": "In.B",
      "point param": 2
    },
    {
      "point color": [ 0.0, 1.0, 0.5, 1.0 ],
      "point text": "In.B",
      "point param": 2
    }
  ],
  "output point": [
    {
      "point color": [ 1.0, 1.0, 0.0, 1.0 ],
      "point text": "Out.C",
      "point param": 3
    }
  ],
  "node type": 2
}